,task,algorithm,min_ess,mean_ess,max_ess,c2st_all,c2st_thinned,run_time,acceptance_rate
0,gaussian_linear,rula,85.01303675138952,118.94565857843675,153.50417680928754,0.7249570488929749,0.5525910258293152,1648.154513637,1.0
1,gaussian_linear,rwm,56.99345952071469,88.95958448732048,129.90676153174246,0.9006516337394714,0.5843837261199951,1252.73259828,0.228
2,gaussian_linear_uniform,rula,60.30750755330461,155.88085463797975,296.38208381548964,0.7777978777885437,0.577703058719635,1580.158198527,1.0
3,gaussian_linear_uniform,rwm,9.524780478592088,27.654696961062434,59.290260214255284,0.9576584696769714,0.7595518231391907,1557.33582853,0.4226666666666667
4,gaussian_mixture,rula,222.96438525945783,224.7689972576865,226.57360925591516,0.7706257700920105,0.7745658159255981,734.566934982,1.0
5,gaussian_mixture,rwm,197.2510020266133,225.2673303523396,253.2836586780659,0.7922992706298828,0.7578851580619812,652.657740024,0.4053333333333333
6,bernoulli_glm,rula,167.46860013043135,261.9346918249921,409.0879393535075,0.690613865852356,0.6711764931678772,1639.482386328,1.0
7,bernoulli_glm,rwm,29.020224763549876,70.79193336216466,127.20997360496379,0.9064837098121643,0.6678991317749023,1158.862684155,0.32
