,task,algorithm,min_ess,mean_ess,max_ess,c2st_all,c2st_thinned,run_time,acceptance_rate
0,gaussian_linear,rula,85.01303675138952,118.94565857843675,153.50417680928754,0.7249570488929749,0.5525910258293152,1648.154513637,1.0
1,gaussian_linear,bsl,35.533855729148556,64.52763337695954,125.81036502959189,0.9401558041572571,0.6610784530639648,1049.238018578,0.1393333333333333
2,gaussian_linear_uniform,rula,60.30750755330461,155.88085463797975,296.38208381548964,0.7777978777885437,0.577703058719635,1580.158198527,1.0
3,gaussian_linear_uniform,bsl,18.259303527315062,32.3615567055831,49.39049059770062,0.9426549673080444,0.7896218299865723,1040.553446005,0.4023333333333333
4,gaussian_mixture,rula,222.96438525945783,224.7689972576865,226.57360925591516,0.7706257700920105,0.7745658159255981,734.566934982,1.0
5,gaussian_mixture,bsl,120.10517192635821,152.75551092282166,185.4058499192851,0.7971320748329163,0.7579411864280701,621.533106279,0.5166666666666667
6,bernoulli_glm,rula,167.46860013043135,261.9346918249921,409.0879393535075,0.690613865852356,0.6711764931678772,1639.482386328,1.0
7,bernoulli_glm,bsl,27.037250920814824,61.60819509255903,154.65082968341517,0.9281538724899292,0.7013165354728699,1095.160105085,0.193
