n_parameters,rula_time_per_step,rwm_time_per_step
10,0.09193284768,0.0031025352
20,0.35947653705666666,0.00345992718
30,1.0569777280266668,0.0035347363633333336
40,2.7529465693833335,0.00418464231
