n_parameters,rula_time_per_step,rwm_time_per_step
10,0.13974197894666665,0.0036033140799999995
20,0.35851304250666666,0.0028946464333333335
30,1.5250133702733333,0.0043785160799999995
40,2.07086716388,0.003564082526666667
