task,run_time
sir,8500.71408256
gaussian_linear,1837.731509047
gaussian_linear_uniform,1931.989644694
gaussian_mixture,1024.953489893
bernoulli_glm,1348.09813806
