task,run_time,acceptance_rate
sir,8087.679554274,0.36866666666666664
gaussian_linear,1524.1779100530002,0.242
gaussian_linear_uniform,694.577820606,0.189
gaussian_mixture,727.4440536720001,0.331
bernoulli_glm,915.827487399,0.291
