gaussian_linear_uniform,5860.03189253807
bernoulli_glm,8924.61406850815
gaussian_mixture,3111.6214928627
gaussian_linear,6630.66044473648
"sir","3669.503044605255"
