"gaussian_linear_uniform","5860.031892538071"
"bernoulli_glm","8924.614068508148"
"gaussian_mixture","3111.6214928627014"
